Follower,Following
1972411447,18932422
257691637,18932422
4893681,18932422
116897811,18932422
551951577,18932422
91697719,18932422
94732055,18932422
514667085,18932422
4149032843,18932422
4188048952,18932422
14451127,18932422
2988561009,18932422
920700510306529280,18932422
950377242483343360,18932422
1527607790,18932422
923649456981135367,18932422
890413838578966528,18932422
1477918760,18932422
810893744593584128,18932422
125483940,18932422
406303880,18932422
4863093417,18932422
2924886188,18932422
2190533245,18932422
3095317209,18932422
153764165,18932422
748315519674048512,18932422
3036907250,18932422
386908329,18932422
21192987,18932422
2826508686,18932422
65915718,18932422
203070657,18932422
3916694415,18932422
3761306416,18932422
384127183,18932422
3513346942,18932422
115091858,18932422
2206179206,18932422
3510179057,18932422
5734242,18932422
2309104237,18932422
101045085,18932422
3331252607,18932422
127894322,18932422
269301403,18932422
466894113,18932422
341000847,18932422
2926864059,18932422
39048846,18932422
151303125,18932422
1527461,18932422
400804254,18932422
2346714074,18932422
25134469,18932422
216703645,18932422
17554109,18932422
1121934716,18932422
22597445,18932422
32942338,18932422
3041372326,18932422
2515540081,18932422
46922123,18932422
202853969,18932422
140093780,18932422
3035143127,18932422
193309907,18932422
485865743,18932422
15378449,18932422
533149076,18932422
144779689,18932422
500950174,18932422
3145021135,18932422
469119337,18932422
217377296,18932422
36448779,18932422
3128829965,18932422
126352685,18932422
720212700,18932422
14761223,18932422
495430242,18932422
2226776658,18932422
251614179,18932422
114146587,18932422
17743823,18932422
2475224005,18932422
3130548765,18932422
496430086,18932422
19659370,18932422
40030538,18932422
828489290,18932422
2700931729,18932422
301941645,18932422
338989477,18932422
2568478126,18932422
66722583,18932422
46131106,18932422
249661913,18932422
54875928,18932422
2601589496,18932422
132646210,18932422
2587811778,18932422
1850752598,18932422
25481069,18932422
2457267950,18932422
1365711606,18932422
201275909,18932422
331076291,18932422
44973000,18932422
1339637532,18932422
93781753,18932422
2318099514,18932422
19677430,18932422
544737616,18932422
1322931373,18932422
175011974,18932422
248135933,18932422
15455450,18932422
1002193231,18932422
119512412,18932422
127489643,18932422
11892372,18932422
22026924,18932422
146159328,18932422
130671142,18932422
209100025,18932422
332134740,18932422
17078917,18932422
78269677,18932422
147949965,18932422
237738266,18932422
17076764,18932422
831922344,18932422
15159648,18932422
16868154,18932422
538326631,18932422
604779041,18932422
108441778,18932422
78969930,18932422
18417153,18932422
393675585,18932422
70422392,18932422
350152586,18932422
68475307,18932422
400831970,18932422
14266044,18932422
18115497,18932422
66369383,18932422
14488805,18932422
55044770,18932422
60884801,18932422
53654934,18932422
6763242,18932422
52059998,18932422
49945724,18932422
48677032,18932422
7415172,18932422
18932422,28822067
18932422,1189744336415723520
18932422,361281600
18932422,1663172653
18932422,910827588
18932422,293483941
18932422,16273541
18932422,1070321898951753728
18932422,755397390
18932422,106856453
18932422,1434631356
18932422,870362407
18932422,104892871
18932422,984769730983682048
18932422,3415864408
18932422,799830497065050112
18932422,14451127
18932422,917738789233217536
18932422,356775978
18932422,28776166
18932422,8123222
18932422,91333167
18932422,34743251
18932422,1149491203
18932422,216939636
18932422,2348513340
18932422,923649456981135367
18932422,2988561009
18932422,1527607790
18932422,481094172
18932422,87473622
18932422,804701761017671680
18932422,153327232
18932422,294599794
18932422,3107101390
18932422,2329921
18932422,2165646554
18932422,20499721
18932422,139811295
18932422,66369383
18932422,8143682
18932422,267249771
18932422,47605273
18932422,862356144748204032
18932422,2481801289
18932422,16976496
18932422,810893744593584128
18932422,3036907250
18932422,134765219
18932422,771681197781053440
18932422,2251623492
18932422,296312612
18932422,2924886188
18932422,549833457
18932422,2178067878
18932422,427431943
18932422,706980266879946752
18932422,751506263792582656
18932422,2190533245
18932422,3395161438
18932422,717348489215262724
18932422,93494670
18932422,220139885
18932422,3095317209
18932422,153764165
18932422,4863093417
18932422,2645602164
18932422,17839109
18932422,95013770
18932422,4833032980
18932422,11164692
18932422,3513474256
18932422,45303184
18932422,375007888
18932422,65915718
18932422,4149032843
18932422,3130548765
18932422,524561395
18932422,2826508686
18932422,106064139
18932422,203070657
18932422,3946229836
18932422,3916694415
18932422,91697719
18932422,3761306416
18932422,344725369
18932422,55517828
18932422,63801028
18932422,2815077014
18932422,101045085
18932422,265509561
18932422,3331252607
18932422,269301403
18932422,1028693496
18932422,47602120
18932422,384127183
18932422,466894113
18932422,2346714074
18932422,2926864059
18932422,39048846
18932422,341000847
18932422,400804254
18932422,151303125
18932422,3085799703
18932422,2998896042
18932422,2769983813
18932422,13568892
18932422,121709074
18932422,2354542969
18932422,17554109
18932422,112829445
18932422,3236533841
18932422,101264703
18932422,216703645
18932422,3099020035
18932422,3364147025
18932422,264501255
18932422,5734242
18932422,569790116
18932422,337600744
18932422,34227622
18932422,46131106
18932422,1121934716
18932422,2816046521
18932422,32942338
18932422,3041372326
18932422,1891806212
18932422,33474334
18932422,22597445
18932422,140093780
18932422,202853969
18932422,1530894998
18932422,55858928
18932422,15247794
18932422,273561140
18932422,17707080
18932422,193309907
18932422,172260408
18932422,1237393394
18932422,48839631
18932422,2607616422
18932422,485865743
18932422,82774113
18932422,2422189058
18932422,2550133394
18932422,850107536
18932422,354847710
18932422,70266297
18932422,16689804
18932422,326912209
18932422,259403751
18932422,19540483
18932422,567360618
18932422,352053266
18932422,393956778
18932422,40156543
18932422,2438493248
18932422,3035143127
18932422,2880905121
18932422,2515540081
18932422,144779689
18932422,3107826244
18932422,500950174
18932422,469119337
18932422,533149076
18932422,3128829965
18932422,217377296
18932422,36448779
18932422,59208209
18932422,260768625
18932422,3130629970
18932422,495430242
18932422,3074437553
18932422,92071137
18932422,2273201773
18932422,111046352
18932422,2155233830
18932422,248135933
18932422,126352685
18932422,720212700
18932422,97880420
18932422,2226776658
18932422,251614179
18932422,114146587
18932422,496430086
18932422,17743823
18932422,36417099
18932422,14761223
18932422,19659370
18932422,9430302
18932422,123846556
18932422,189495871
18932422,40030538
18932422,22072608
18932422,561218882
18932422,85648537
18932422,382158989
18932422,2591662868
18932422,3332231
18932422,201194687
18932422,22960511
18932422,301941645
18932422,338989477
18932422,127489643
18932422,46922123
18932422,15378449
18932422,32193354
18932422,249661913
18932422,369440364
18932422,2601589496
18932422,132646210
18932422,1562578862
18932422,1850752598
18932422,2493328698
18932422,271243941
18932422,242868086
18932422,66722583
18932422,52059998
18932422,2475224005
18932422,2457267950
18932422,25481069
18932422,201275909
18932422,2354616571
18932422,452909538
18932422,19380829
18932422,405384428
18932422,14538236
18932422,95196023
18932422,125483940
18932422,181954043
18932422,15421904
18932422,26000689
18932422,1339637532
18932422,1086604922
18932422,10695152
18932422,88673826
18932422,9910992
18932422,44973000
18932422,21308312
18932422,45389867
18932422,54875928
18932422,10759032
18932422,115091858
18932422,91367103
18932422,773146218
18932422,91168371
18932422,59504716
18932422,2318099514
18932422,93781753
18932422,1304717864
18932422,1527461
18932422,17076940
18932422,887159288
18932422,331076291
18932422,460544873
18932422,89774258
18932422,19677430
18932422,305474242
18932422,8220532
18932422,831922344
18932422,107171037
18932422,26711278
18932422,91440853
18932422,849649723
18932422,190161488
18932422,342569184
18932422,794790254
18932422,15089078
18932422,544737616
18932422,538326631
18932422,119512412
18932422,14488805
18932422,14266044
18932422,332134740
18932422,146159328
18932422,14162048
18932422,75585288
18932422,28165790
18932422,229601276
18932422,41098784
18932422,15468474
18932422,40389352
18932422,14874480
18932422,237738266
18932422,320603385
18932422,11892372
18932422,25134469
18932422,17078917
18932422,41667342
18932422,21133730
18932422,78969930
18932422,147949965
18932422,17002009
18932422,40576466
18932422,17773969
18932422,59481357
18932422,88727377
18932422,114485232
18932422,17157367
18932422,30339571
18932422,175011974
18932422,93957809
18932422,130671142
18932422,21457289
18932422,18059898
18932422,21003382
18932422,118263124
18932422,33838201
18932422,20536157
18932422,78269677
18932422,15455450
18932422,16867526
18932422,930340722
18932422,22026924
18932422,15159648
18932422,59263220
18932422,7295362
18932422,333597222
18932422,16868154
18932422,76679840
18932422,15492359
18932422,115763683
18932422,17076764
18932422,53654934
18932422,3304471
18932422,393652166
18932422,589300441
18932422,18417153
18932422,127894322
18932422,393675585
18932422,13056322
18932422,48677032
27897414,132646210
1371476814,132646210
994300581291282432,132646210
108207407,132646210
1319272146963673089,132646210
1313137113454579717,132646210
1301869598481014787,132646210
1046614848,132646210
2893424886,132646210
14616323,132646210
2842688136,132646210
1256240551118200835,132646210
1276832114856656896,132646210
301709965,132646210
632815919,132646210
748176824,132646210
1535439446,132646210
18202677,132646210
1233080567727521792,132646210
257111136,132646210
1232460508160094209,132646210
2981463028,132646210
2960317030,132646210
181348220,132646210
1369078711,132646210
22585506,132646210
48677032,132646210
433873132,132646210
167735563,132646210
1081076050061213697,132646210
1306824555420213249,132646210
1064940934528421888,132646210
544875915,132646210
37162329,132646210
1287104705185939456,132646210
354009660,132646210
915167646240325632,132646210
1556357336,132646210
961808198,132646210
18417153,132646210
1245923843119575041,132646210
623575404,132646210
1182908622113660929,132646210
1212987379692081153,132646210
103835763,132646210
1609328383,132646210
1690763647,132646210
75525450,132646210
1052291485901697024,132646210
1289974182755762176,132646210
778856886,132646210
15750573,132646210
2867784412,132646210
2186834214,132646210
1280838371682779136,132646210
812055605510803456,132646210
11773812,132646210
948669952843595776,132646210
925565433679298560,132646210
103761767,132646210
301178769,132646210
1168926603855958017,132646210
2451712820,132646210
484733763,132646210
1228678952,132646210
1168865024674357248,132646210
87473622,132646210
193935341,132646210
229601276,132646210
702309206,132646210
160246849,132646210
1019194066855006208,132646210
1265795638551212032,132646210
831290691712004096,132646210
1253984770083692544,132646210
4890000754,132646210
1251059396991311872,132646210
1251108504653361152,132646210
1251034648492138498,132646210
1251232344947613701,132646210
1251073078211178496,132646210
1077734311799984128,132646210
1255539999467958272,132646210
101818541,132646210
61143806,132646210
33970089,132646210
1214864022572425217,132646210
15455450,132646210
814980524200566784,132646210
1148595838664552451,132646210
251614179,132646210
1238826270,132646210
755513278625898496,132646210
1245061044847947777,132646210
2522143308,132646210
114146587,132646210
1605951265,132646210
6355402,132646210
998681467696885761,132646210
38048603,132646210
906922846412267521,132646210
25037133,132646210
918943909811769344,132646210
47681517,132646210
1204339794471538688,132646210
1219230275198058497,132646210
1171878193114025987,132646210
15068044,132646210
427330274,132646210
247943231,132646210
2604894992,132646210
1582645148,132646210
828064288417779712,132646210
1187585868493537280,132646210
154138518,132646210
84036295,132646210
2492690671,132646210
2424680826,132646210
1194379349803319298,132646210
299807081,132646210
1070352023449669632,132646210
15159648,132646210
1110855455696314368,132646210
1054280867512705025,132646210
3128829965,132646210
2343425496,132646210
515192228,132646210
409922330,132646210
131111665,132646210
13360372,132646210
1178221893616308224,132646210
87242603,132646210
4188048952,132646210
19659370,132646210
1183933523129970689,132646210
4460137405,132646210
87985586,132646210
1179011991563915264,132646210
618193431,132646210
790451965,132646210
1168762828607508480,132646210
1111730640762875907,132646210
1067977726118682625,132646210
1155634482629791746,132646210
975115762712096768,132646210
533584357,132646210
1169945329053130753,132646210
807251568961744896,132646210
760799156256382976,132646210
1166366776625467393,132646210
743908703863083008,132646210
305474242,132646210
896036165350019073,132646210
996170598056263683,132646210
234321271,132646210
1099250750155354114,132646210
874632132353826816,132646210
711001600567828481,132646210
6459362,132646210
1930184042,132646210
928151539893420032,132646210
849902720827875330,132646210
188029486,132646210
242868086,132646210
2983902143,132646210
320568816,132646210
20926161,132646210
78269677,132646210
185263153,132646210
54580934,132646210
899783769854320640,132646210
18874262,132646210
1141316975324536832,132646210
125721127,132646210
17018894,132646210
86754006,132646210
1144823372158767104,132646210
1033944831918104576,132646210
1094001009188397057,132646210
22132438,132646210
1017171853914333185,132646210
3230093066,132646210
1166221754,132646210
1120424520773505028,132646210
1081289442671902720,132646210
758771866500816896,132646210
1014561,132646210
1121364987178618880,132646210
82364810,132646210
82541893,132646210
1114432920121376768,132646210
774324193928351744,132646210
2874803443,132646210
1108685535088771073,132646210
50706020,132646210
1267637312,132646210
1107588341124337666,132646210
1107254048896548864,132646210
4793796869,132646210
871920132641173504,132646210
1102341617371963392,132646210
1101500498564313090,132646210
156322219,132646210
82774113,132646210
70900164,132646210
3775401076,132646210
59217922,132646210
193309907,132646210
4228354103,132646210
3305766383,132646210
1090911182591086592,132646210
563947963,132646210
822431809,132646210
904533569749508097,132646210
9719522,132646210
1081241209622822913,132646210
224209816,132646210
3232640646,132646210
1077863989202247681,132646210
243082126,132646210
2882893927,132646210
822405576504344576,132646210
1721425735,132646210
308799838,132646210
827392886,132646210
713164296604090368,132646210
1477918760,132646210
1065937815022837760,132646210
272376633,132646210
514667085,132646210
761153954809913344,132646210
108989193,132646210
6778812,132646210
1040575154424893441,132646210
101711550,132646210
1471694196,132646210
49911968,132646210
257691637,132646210
778982023415291904,132646210
870764041660190720,132646210
4694535756,132646210
40576466,132646210
13568892,132646210
78969930,132646210
2165646554,132646210
2279201814,132646210
130671142,132646210
1019221160742014976,132646210
2336440088,132646210
947311503216066560,132646210
876785354,132646210
1016764586228412421,132646210
1014974716359081988,132646210
28776166,132646210
3865043177,132646210
327301533,132646210
53250831,132646210
2309104237,132646210
75392682,132646210
3272004860,132646210
822367881547550720,132646210
1255799724,132646210
998279534947586048,132646210
3332231,132646210
994886035086761984,132646210
2608840453,132646210
777648349,132646210
972987874613366784,132646210
920700510306529280,132646210
1426135280,132646210
984208484328763395,132646210
374433827,132646210
360783415,132646210
14417382,132646210
709493676121042945,132646210
3036907250,132646210
984363152958685184,132646210
4652730673,132646210
15675384,132646210
19626509,132646210
874530424575336449,132646210
946591233954033664,132646210
44583317,132646210
972494379754688518,132646210
36966461,132646210
109399833,132646210
934851466082357249,132646210
4770618972,132646210
969392138076041216,132646210
4712272236,132646210
955493794669121537,132646210
200466843,132646210
580335026,132646210
950072183031771136,132646210
949642445083459585,132646210
3033312071,132646210
838701223113068544,132646210
942684527754989568,132646210
9180262,132646210
936713855878787074,132646210
940901351759994880,132646210
2310390416,132646210
885944485615738881,132646210
90109488,132646210
911514942335012864,132646210
4897300665,132646210
2462926410,132646210
923649456981135367,132646210
809848752,132646210
34642043,132646210
608052226,132646210
917738789233217536,132646210
37069005,132646210
45412709,132646210
195719387,132646210
716947512154853376,132646210
429259920,132646210
269930404,132646210
370597692,132646210
14978945,132646210
125483940,132646210
94732055,132646210
889657085868298240,132646210
889461651673690112,132646210
33113669,132646210
2252260178,132646210
872544691442466816,132646210
891193292385288193,132646210
890413838578966528,132646210
3310895591,132646210
887627169765130241,132646210
1598324696,132646210
880523990883848192,132646210
3406278903,132646210
2289023460,132646210
877823703249068032,132646210
873162092819488769,132646210
78269397,132646210
14451127,132646210
2613410444,132646210
838930153665363968,132646210
151490538,132646210
837214523547353089,132646210
341000847,132646210
66722583,132646210
856509174473248768,132646210
709476815090413568,132646210
3102522680,132646210
771681197781053440,132646210
810893744593584128,132646210
1557796237,132646210
327066310,132646210
850170113504325632,132646210
4874161629,132646210
14294701,132646210
245345590,132646210
26240101,132646210
36927290,132646210
839149376643686401,132646210
434835815,132646210
832267168276475904,132646210
833624768800817152,132646210
831393481465556992,132646210
781751446362468353,132646210
801059640951836672,132646210
824886467721703425,132646210
101353399,132646210
20314655,132646210
824812182114164736,132646210
3902819477,132646210
821666958680719361,132646210
1409748306,132646210
44871098,132646210
1053292116,132646210
121709074,132646210
848687484,132646210
1086604922,132646210
16549460,132646210
14794109,132646210
289560192,132646210
188221066,132646210
2579832252,132646210
2190533245,132646210
253734620,132646210
774076183461892096,132646210
54875928,132646210
4347423515,132646210
12414242,132646210
4873684235,132646210
173431194,132646210
356775978,132646210
789107706397196288,132646210
84060395,132646210
717348489215262724,132646210
256644046,132646210
771427581992185856,132646210
771036399671705600,132646210
769823624308092928,132646210
23761309,132646210
2373145729,132646210
16514335,132646210
406303880,132646210
2475572071,132646210
748525684578914304,132646210
11235202,132646210
742643587108605952,132646210
4485809179,132646210
725639768663576576,132646210
3943475233,132646210
312809493,132646210
1468634743,132646210
1974656552,132646210
29277960,132646210
273561140,132646210
2438493248,132646210
1072910977,132646210
4025609913,132646210
494181406,132646210
16387111,132646210
231845623,132646210
1028693496,132646210
2239534928,132646210
127894322,132646210
1108108225,132646210
330917707,132646210
3341697257,132646210
263247974,132646210
829115622,132646210
3892710581,132646210
700999301514686464,132646210
41974909,132646210
39697728,132646210
704185699415695360,132646210
4833032980,132646210
2601589496,132646210
16279554,132646210
4829277184,132646210
1339637532,132646210
4157611,132646210
4149032843,132646210
202853969,132646210
211457876,132646210
2218900633,132646210
101045085,132646210
3375552377,132646210
1851621,132646210
3099020035,132646210
3317549893,132646210
3317585532,132646210
21192987,132646210
4196200462,132646210
16136933,132646210
427431943,132646210
2226776658,132646210
25134469,132646210
201275909,132646210
3946229836,132646210
3916694415,132646210
2353222800,132646210
337797562,132646210
384127183,132646210
626282563,132646210
466894113,132646210
400804254,132646210
68701660,132646210
858519894,132646210
2995188801,132646210
14761223,132646210
3041372326,132646210
485865743,132646210
269301403,132646210
3298523377,132646210
3225904081,132646210
2847332414,132646210
3364147025,132646210
376725527,132646210
3339046197,132646210
3243155048,132646210
3318895763,132646210
3160109092,132646210
2615258306,132646210
607311335,132646210
3292784453,132646210
2378438060,132646210
1708488139,132646210
103546343,132646210
3221752726,132646210
561277962,132646210
231722071,132646210
16868154,132646210
828625466,132646210
65915718,132646210
92071137,132646210
391867472,132646210
2550133394,132646210
396680992,132646210
71167669,132646210
2371689380,132646210
2986013849,132646210
562222972,132646210
48457557,132646210
1669374084,132646210
2515540081,132646210
2251030016,132646210
2996506102,132646210
2968801294,132646210
2209003450,132646210
1567085737,132646210
352248891,132646210
2890969865,132646210
93781753,132646210
496430086,132646210
747665252,132646210
7368332,132646210
22289618,132646210
308226281,132646210
561226226,132646210
2854283403,132646210
2269512362,132646210
47456957,132646210
15581480,132646210
68443905,132646210
312131328,132646210
212276623,132646210
14657345,132646210
217377296,132646210
2786141198,132646210
392248167,132646210
1494913634,132646210
45794386,132646210
197608061,132646210
313207740,132646210
518957746,132646210
2653043425,132646210
7851812,132646210
20225119,132646210
2685989162,132646210
2422189058,132646210
264132382,132646210
137745777,132646210
2734776646,132646210
290705256,132646210
32942338,132646210
130256377,132646210
435727485,132646210
564663512,132646210
1929876336,132646210
25624456,132646210
84508784,132646210
1622761998,132646210
338989477,132646210
2155233830,132646210
2189994866,132646210
1546005282,132646210
223380941,132646210
194324277,132646210
15045590,132646210
1850752598,132646210
90626911,132646210
2427734180,132646210
156204739,132646210
2475224005,132646210
32193354,132646210
27375578,132646210
2512218333,132646210
2461022395,132646210
544737616,132646210
2386023224,132646210
159240329,132646210
213248607,132646210
99015174,132646210
495430242,132646210
2209729028,132646210
126274094,132646210
144779689,132646210
2213823000,132646210
430570985,132646210
1379105228,132646210
2215006026,132646210
142293342,132646210
159342110,132646210
104435358,132646210
60959947,132646210
2189885600,132646210
220378862,132646210
44973000,132646210
2272376472,132646210
21782750,132646210
1907881,132646210
27224166,132646210
2203092098,132646210
234058792,132646210
1062729727,132646210
206292087,132646210
2190723061,132646210
79067151,132646210
1911204626,132646210
16249403,132646210
268262631,132646210
135508015,132646210
50269516,132646210
135801478,132646210
891186338,132646210
1932160213,132646210
26711278,132646210
567383651,132646210
279903146,132646210
30981656,132646210
10277212,132646210
1685766865,132646210
195525587,132646210
18506971,132646210
33505544,132646210
4893681,132646210
151303125,132646210
856684314,132646210
175011974,132646210
934087003,132646210
728354894,132646210
14614664,132646210
1553685114,132646210
281945877,132646210
1517068255,132646210
1357389505,132646210
190821474,132646210
60832858,132646210
1441677282,132646210
17354555,132646210
17657107,132646210
337745478,132646210
17730501,132646210
1231314888,132646210
10868922,132646210
281079339,132646210
46131106,132646210
190006526,132646210
54682074,132646210
234017215,132646210
1322931373,132646210
139507464,132646210
622716896,132646210
8260242,132646210
1002193231,132646210
1116622891,132646210
562363,132646210
422016668,132646210
271370579,132646210
250344120,132646210
551776311,132646210
181954043,132646210
980046830,132646210
285332715,132646210
18855622,132646210
250059685,132646210
784824594,132646210
132453147,132646210
17580853,132646210
53645823,132646210
1015930135,132646210
1014722412,132646210
216919545,132646210
388144129,132646210
618551148,132646210
124319949,132646210
25481069,132646210
241167877,132646210
406932163,132646210
951844723,132646210
43641631,132646210
887159288,132646210
97880420,132646210
84560252,132646210
20640711,132646210
256879792,132646210
48235638,132646210
47978543,132646210
16423883,132646210
802182440,132646210
538326631,132646210
606265290,132646210
133550954,132646210
58880930,132646210
78912282,132646210
50257296,132646210
475026877,132646210
214272214,132646210
606214834,132646210
617400195,132646210
68084193,132646210
443602279,132646210
126062970,132646210
17773969,132646210
14265641,132646210
14784786,132646210
12160482,132646210
14494523,132646210
200083348,132646210
17268402,132646210
80979483,132646210
514189512,132646210
45123871,132646210
2025101,132646210
551951577,132646210
13507112,132646210
485447824,132646210
49287656,132646210
73705954,132646210
113339417,132646210
115091858,132646210
313348339,132646210
17743823,132646210
492216731,132646210
272623675,132646210
274134534,132646210
19204539,132646210
147949965,132646210
190778398,132646210
467852343,132646210
289284899,132646210
195658424,132646210
249695469,132646210
18843675,132646210
111373125,132646210
442245081,132646210
423567471,132646210
9571292,132646210
431192409,132646210
69218199,132646210
14339792,132646210
201194687,132646210
146195370,132646210
408986233,132646210
51215183,132646210
40389352,132646210
136088911,132646210
393675585,132646210
391247062,132646210
245907225,132646210
95630269,132646210
382393,132646210
253587073,132646210
226298062,132646210
16102444,132646210
11649702,132646210
361115646,132646210
202740551,132646210
65605637,132646210
46932973,132646210
11069462,132646210
258722513,132646210
10627282,132646210
249661913,132646210
284099686,132646210
12755532,132646210
181720081,132646210
15298719,132646210
6015842,132646210
166499569,132646210
135047672,132646210
37622738,132646210
126718539,132646210
23999540,132646210
199298537,132646210
17278474,132646210
209100025,132646210
201854523,132646210
151208743,132646210
191728278,132646210
142724647,132646210
54959293,132646210
23055193,132646210
36659063,132646210
18052550,132646210
26092949,132646210
24897144,132646210
29639366,132646210
76937615,132646210
52869134,132646210
101013918,132646210
139377848,132646210
18869136,132646210
131947210,132646210
28312691,132646210
34698700,132646210
112099606,132646210
1855871,132646210
132646210,479013038
132646210,994300581291282432
132646210,3077144869
132646210,1909219404
132646210,3275322876
132646210,619585396
132646210,318093688
132646210,224495471
132646210,178976408
132646210,160741955
132646210,2842688136
132646210,1256240551118200835
132646210,1264027207447371776
132646210,1313137113454579717
132646210,49977240
132646210,301709965
132646210,41828876
132646210,1111730640762875907
132646210,887207711590559745
132646210,303048766
132646210,172179385
132646210,3411494596
132646210,257111136
132646210,1287104705185939456
132646210,940445534556364800
132646210,22585506
132646210,725639768663576576
132646210,1081076050061213697
132646210,136756365
132646210,78807415
132646210,1535439446
132646210,433873132
132646210,22952866
132646210,56318966
132646210,216016685
132646210,596203049
132646210,1259983955408744449
132646210,2183611873
132646210,71306406
132646210,364593753
132646210,1306824555420213249
132646210,2859456143
132646210,772574162
132646210,1081241209622822913
132646210,829881163472916481
132646210,45675087
132646210,605012771
132646210,266028681
132646210,1245923843119575041
132646210,84653850
132646210,1290762290224984064
132646210,24603962
132646210,56741675
132646210,116897811
132646210,1127358323051749378
132646210,44106240
132646210,278359534
132646210,25268217
132646210,21573326
132646210,1182908622113660929
132646210,75525450
132646210,125483940
132646210,1094048100564365312
132646210,3186534415
132646210,81381560
132646210,909404434723213312
132646210,751506263792582656
132646210,296312612
132646210,85307840
132646210,312121622
132646210,47325650
132646210,7466492
132646210,1195040516318093312
132646210,84404991
132646210,41694589
132646210,778856886
132646210,1054280867512705025
132646210,2821616774
132646210,2797567802
132646210,1038834447540531202
132646210,3988959013
132646210,825382759
132646210,2867784412
132646210,1052291485901697024
132646210,272376633
132646210,1084212657761148928
132646210,762093631
132646210,4083688114
132646210,257618993
132646210,70819203
132646210,19626509
132646210,1217315090
132646210,710755931227824128
132646210,162124540
132646210,87476034
132646210,48677032
132646210,15750573
132646210,39547749
132646210,925565433679298560
132646210,103761767
132646210,702309206
132646210,1143038206335737856
132646210,2451712820
132646210,998681467696885761
132646210,1168865024674357248
132646210,87473622
132646210,823957466
132646210,12031032
132646210,260971421
132646210,27131901
132646210,3780315496
132646210,3549187454
132646210,1154319646780272641
132646210,1229540217595387904
132646210,1019194066855006208
132646210,831290691712004096
132646210,1265795638551212032
132646210,419395379
132646210,4890000754
132646210,1253984770083692544
132646210,1255539999467958272
132646210,61143806
132646210,1214864022572425217
132646210,814980524200566784
132646210,346400805
132646210,2986305078
132646210,872274950
132646210,1245061044847947777
132646210,1189744336415723520
132646210,1111315973125169152
132646210,301178769
132646210,2303160649
132646210,1123336792021897216
132646210,2869101210
132646210,23761309
132646210,17118060
132646210,25037133
132646210,274609987
132646210,897060827316072448
132646210,247943231
132646210,373951619
132646210,2604894992
132646210,807261497500069888
132646210,2492690671
132646210,1014561
132646210,320568816
132646210,1187585868493537280
132646210,1044869316288696320
132646210,1184821524534059008
132646210,91440853
132646210,87242603
132646210,4188048952
132646210,1183933523129970689
132646210,101045085
132646210,33861957
132646210,68443905
132646210,1121364987178618880
132646210,113125584
132646210,1067977726118682625
132646210,2540678306
132646210,33836629
132646210,46668733
132646210,838601156737654784
132646210,533584357
132646210,139008774
132646210,38140504
132646210,996170598056263683
132646210,220139885
132646210,905687730843037696
132646210,922354202088759296
132646210,874632132353826816
132646210,3230093066
132646210,374433827
132646210,849902720827875330
132646210,18033313
132646210,126132953
132646210,2575365842
132646210,2607616422
132646210,1039052508193284096
132646210,2983902143
132646210,3248357604
132646210,20926161
132646210,185263153
132646210,54580934
132646210,18874262
132646210,17018894
132646210,264501255
132646210,1053292116
132646210,936713855878787074
132646210,86754006
132646210,40389352
132646210,736667972123512832
132646210,2280952807
132646210,1037548569467731968
132646210,720389270335135745
132646210,969392138076041216
132646210,224209816
132646210,22129782
132646210,887535601
132646210,238024065
132646210,1991321
132646210,1031837755234549760
132646210,758771866500816896
132646210,84060395
132646210,2424680826
132646210,1617382039
132646210,271370579
132646210,50706020
132646210,721931072
132646210,299807081
132646210,16632955
132646210,317169230
132646210,54875928
132646210,1101500498564313090
132646210,928760788306878464
132646210,70900164
132646210,386277982
132646210,59217922
132646210,193309907
132646210,4228354103
132646210,1090911182591086592
132646210,468825579
132646210,20314655
132646210,955599008
132646210,810173876466515968
132646210,1060157776477982721
132646210,1055893919597133824
132646210,1035524448319885312
132646210,331076291
132646210,82774113
132646210,919860212
132646210,455428885
132646210,1412036527
132646210,1017373138500378624
132646210,217377296
132646210,713164296604090368
132646210,118056286
132646210,1065937815022837760
132646210,193935341
132646210,591797093
132646210,96962998
132646210,2329817887
132646210,174083824
132646210,997784960
132646210,188221066
132646210,720212700
132646210,191723833
132646210,17053944
132646210,16110508
132646210,14862794
132646210,15926727
132646210,842043337687289856
132646210,792460428005605376
132646210,879014078932504577
132646210,1477918760
132646210,49911968
132646210,848799224854609920
132646210,322711407
132646210,2459299508
132646210,4793796869
132646210,966411199649808386
132646210,904533569749508097
132646210,72474729
132646210,32872183
132646210,78269677
132646210,1019221160742014976
132646210,15159648
132646210,934851466082357249
132646210,3865043177
132646210,17839109
132646210,14978945
132646210,984135577208373249
132646210,1011316249274540033
132646210,2336440088
132646210,19659370
132646210,48062712
132646210,917738789233217536
132646210,790899349471498240
132646210,54163837
132646210,2608840453
132646210,911297187664949248
132646210,327122348
132646210,984208484328763395
132646210,2575124365
132646210,989428140433866752
132646210,87985586
132646210,33970089
132646210,947311503216066560
132646210,200466843
132646210,3036907250
132646210,984275749824638976
132646210,4652730673
132646210,3235806942
132646210,799830497065050112
132646210,862356144748204032
132646210,4874161629
132646210,2165646554
132646210,610026759
132646210,140093780
132646210,45412709
132646210,920700510306529280
132646210,964589615230337024
132646210,6355402
132646210,409890910
132646210,940901351759994880
132646210,923649456981135367
132646210,14417382
132646210,785618379201654784
132646210,33474334
132646210,47605273
132646210,9180262
132646210,2462926410
132646210,877886035
132646210,739854925560156160
132646210,900040284616114176
132646210,763432576375779328
132646210,898565245484105732
132646210,735447938214678529
132646210,608052226
132646210,34642043
132646210,106856453
132646210,2839825685
132646210,429259920
132646210,54817041
132646210,66722583
132646210,94732055
132646210,2769983813
132646210,3415864408
132646210,90109488
132646210,889657085868298240
132646210,3232640646
132646210,1149491203
132646210,3775401076
132646210,846672306378326016
132646210,880523990883848192
132646210,3406278903
132646210,14451127
132646210,467551928
132646210,822431809
132646210,446719282
132646210,804701761017671680
132646210,341000847
132646210,342578839
132646210,771681197781053440
132646210,382158989
132646210,4863093417
132646210,810893744593584128
132646210,850170113504325632
132646210,4027105402
132646210,26240101
132646210,801059640951836672
132646210,839149376643686401
132646210,427431943
132646210,1929876336
132646210,9430302
132646210,549833457
132646210,832267168276475904
132646210,833967951447486465
132646210,33284619
132646210,16851370
132646210,821666958680719361
132646210,3482836634
132646210,16319797
132646210,29735775
132646210,16549460
132646210,1072910977
132646210,289560192
132646210,305431714
132646210,2190533245
132646210,553436328
132646210,2550133394
132646210,1851621
132646210,784083274805248000
132646210,173431194
132646210,1434631356
132646210,3732176255
132646210,717348489215262724
132646210,245345590
132646210,256644046
132646210,98966111
132646210,393956778
132646210,20499721
132646210,257544772
132646210,2153743237
132646210,539946626
132646210,547871798
132646210,2354542969
132646210,706980266879946752
132646210,243082126
132646210,16514335
132646210,22514268
132646210,268262631
132646210,2475572071
132646210,743340014214352896
132646210,412155441
132646210,246713978
132646210,1468634743
132646210,150622632
132646210,1173370158
132646210,29277960
132646210,78269397
132646210,273561140
132646210,294652384
132646210,16387111
132646210,790451965
132646210,1028693496
132646210,14968475
132646210,40156543
132646210,89774258
132646210,17002009
132646210,2239534928
132646210,22597445
132646210,15455450
132646210,1014471
132646210,46922123
132646210,119512412
132646210,15166546
132646210,333597222
132646210,18059898
132646210,206743057
132646210,495430242
132646210,2821170946
132646210,14667411
132646210,93655722
132646210,112202046
132646210,277516046
132646210,121709074
132646210,3892710581
132646210,41974909
132646210,402143587
132646210,375007888
132646210,704185699415695360
132646210,39697728
132646210,1598324696
132646210,4702018489
132646210,202853969
132646210,4833032980
132646210,3246646347
132646210,3270678680
132646210,2188930908
132646210,1339637532
132646210,2986013849
132646210,3107101390
132646210,17076940
132646210,80446199
132646210,829115622
132646210,4194417913
132646210,4149032843
132646210,4398626122
132646210,211457876
132646210,1442906958
132646210,2218900633
132646210,1237393394
132646210,21192987
132646210,9316452
132646210,3395161438
132646210,9271782
132646210,16136933
132646210,243479125
132646210,2199531518
132646210,828625466
132646210,65915718
132646210,400804254
132646210,21003382
132646210,36417099
132646210,84508784
132646210,3332231
132646210,2226776658
132646210,72781449
132646210,201275909
132646210,144947577
132646210,3916694415
132646210,2895770934
132646210,384127183
132646210,626282563
132646210,55517828
132646210,2713275441
132646210,68701660
132646210,3041372326
132646210,485865743
132646210,13568892
132646210,269301403
132646210,2998896042
132646210,3225904081
132646210,151303125
132646210,376725527
132646210,3091376321
132646210,2615258306
132646210,607311335
132646210,451148485
132646210,2378438060
132646210,1708488139
132646210,1175299088
132646210,40030538
132646210,158789494
132646210,229601276
132646210,2815077014
132646210,2851178794
132646210,92071137
132646210,391867472
132646210,272065025
132646210,3128829965
132646210,103546343
132646210,21308312
132646210,76679840
132646210,2273201773
132646210,396680992
132646210,20644989
132646210,71167669
132646210,14761223
132646210,18675332
132646210,33113669
132646210,597499972
132646210,93781753
132646210,6778812
132646210,747665252
132646210,7368332
132646210,104211492
132646210,561226226
132646210,47456957
132646210,15581480
132646210,193227076
132646210,308578864
132646210,46496916
132646210,14657345
132646210,804683646
132646210,2155233830
132646210,22994885
132646210,59263220
132646210,384747822
132646210,29951831
132646210,19739240
132646210,45794386
132646210,82573938
132646210,313207740
132646210,44217911
132646210,2776164847
132646210,2341772972
132646210,212276623
132646210,507185539
132646210,435727485
132646210,32942338
132646210,1617314359
132646210,240867778
132646210,25134469
132646210,25624456
132646210,338989477
132646210,2601589496
132646210,99015174
132646210,123846556
132646210,305474242
132646210,156204739
132646210,90626911
132646210,483150865
132646210,158342368
132646210,32193354
132646210,2475224005
132646210,589300441
132646210,544737616
132646210,1907881
132646210,271243941
132646210,635986661
132646210,213248607
132646210,2422189058
132646210,2239194271
132646210,372730608
132646210,430570985
132646210,20640711
132646210,130671142
132646210,2383802810
132646210,15045590
132646210,1167604898
132646210,435462176
132646210,1379105228
132646210,13507112
132646210,72386774
132646210,204297410
132646210,223380941
132646210,27990587
132646210,6844292
132646210,159342110
132646210,60959947
132646210,104435358
132646210,190754693
132646210,138840988
132646210,2245759994
132646210,1894231788
132646210,48008938
132646210,204718713
132646210,5734242
132646210,475026877
132646210,143319983
132646210,2203092098
132646210,234058792
132646210,79067151
132646210,1086604922
132646210,206292087
132646210,1911204626
132646210,66322723
132646210,325755342
132646210,2166992210
132646210,50269516
132646210,1432662902
132646210,135508015
132646210,567383651
132646210,30981656
132646210,871687740
132646210,234321271
132646210,1685766865
132646210,19677430
132646210,195525587
132646210,99473901
132646210,1382732563
132646210,18506971
132646210,356775978
132646210,11892372
132646210,4893681
132646210,1562578862
132646210,755397390
132646210,934087003
132646210,10313732
132646210,14614664
132646210,190006526
132646210,10868922
132646210,190821474
132646210,1441677282
132646210,17354555
132646210,14697496
132646210,17657107
132646210,17730501
132646210,281079339
132646210,279084731
132646210,103810205
132646210,242868086
132646210,234017215
132646210,73719913
132646210,26711278
132646210,44973000
132646210,39321347
132646210,422016668
132646210,1077633912
132646210,117553058
132646210,953752657
132646210,438301250
132646210,27104786
132646210,861246336
132646210,126274094
132646210,891731882
132646210,1062729727
132646210,980046830
132646210,17503180
132646210,18855622
132646210,784824594
132646210,45820175
132646210,16687314
132646210,109598348
132646210,17580853
132646210,344956335
132646210,53645823
132646210,976373610
132646210,1015930135
132646210,24989839
132646210,216919545
132646210,216939636
132646210,241167877
132646210,25481069
132646210,124319949
132646210,406932163
132646210,388144129
132646210,153439378
132646210,887159288
132646210,450842550
132646210,18417153
132646210,139355216
132646210,8143682
132646210,46131106
132646210,380426226
132646210,20621579
132646210,48235638
132646210,802182440
132646210,47978543
132646210,16423883
132646210,14553715
132646210,18384521
132646210,313444531
132646210,412270831
132646210,115763683
132646210,97880420
132646210,58880930
132646210,78912282
132646210,214272214
132646210,9632312
132646210,7170942
132646210,7295362
132646210,21133730
132646210,68084193
132646210,5765972
132646210,6057982
132646210,45123871
132646210,48649222
132646210,17268402
132646210,200083348
132646210,43973475
132646210,50257296
132646210,16946380
132646210,3304471
132646210,146734981
132646210,2025101
132646210,29959702
132646210,17773969
132646210,16868154
132646210,551951577
132646210,822659
132646210,99023044
132646210,49287656
132646210,93873778
132646210,313348339
132646210,11990112
132646210,105925630
132646210,115091858
132646210,17743823
132646210,372830899
132646210,190778398
132646210,272623675
132646210,199298537
132646210,195658424
132646210,147949965
132646210,19204539
132646210,43652382
132646210,93494670
132646210,174072879
132646210,9571292
132646210,60832858
132646210,18843675
132646210,111373125
132646210,16948477
132646210,14065835
132646210,442245081
132646210,70478255
132646210,78969930
132646210,399089660
132646210,419071399
132646210,118263124
132646210,14048484
132646210,146195370
132646210,393652166
132646210,22026924
132646210,250059685
132646210,51215183
132646210,403731744
132646210,106418930
132646210,40576466
132646210,131498466
132646210,201194687
132646210,20167623
132646210,352053266
132646210,391247062
132646210,393675585
132646210,382393
132646210,22749856
132646210,36515907
132646210,30339571
132646210,295344317
132646210,81875677
132646210,245907225
132646210,220145170
132646210,10695152
132646210,249661913
132646210,278482863
132646210,5108051
132646210,284099686
132646210,258722513
132646210,299858686
132646210,361115646
132646210,317727341
132646210,61449317
132646210,18318677
132646210,114045446
132646210,135801478
132646210,91367103
132646210,10759032
132646210,49793
132646210,42399260
132646210,103989154
132646210,783214
132646210,297091554
132646210,125792630
132646210,167169119
132646210,10627282
132646210,197313522
132646210,633
132646210,181720081
132646210,9320372
132646210,249695469
132646210,271909348
132646210,765548
132646210,23973296
132646210,61302699
132646210,37622738
132646210,126718539
132646210,11595422
132646210,12755532
132646210,41259586
132646210,47602120
132646210,114485232
132646210,166499569
132646210,135047672
132646210,8077952
132646210,59481357
132646210,21457289
132646210,52869134
132646210,112415325
132646210,45598113
132646210,17707080
132646210,91168371
132646210,36659063
132646210,127894322
132646210,88727377
132646210,33838201
132646210,139377848
132646210,11669522
132646210,18464317
132646210,14339792
132646210,17305888
132646210,11867332
132646210,17157367
132646210,59504716
132646210,20536157
132646210,17078917
132646210,76937615
132646210,1770311
132646210,84560631
132646210,84560252
132646210,24897144
132646210,1855871
132646210,23055193
132646210,15492359
338989477,3036907250
1187585868493537280,3036907250
39697728,3036907250
1265795638551212032,3036907250
184125091,3036907250
343587148,3036907250
2444133930,3036907250
839139788846411777,3036907250
2417892751,3036907250
1111315973125169152,3036907250
1195044761322823680,3036907250
116897811,3036907250
1156797119149121541,3036907250
911963260005552128,3036907250
20356196,3036907250
48677032,3036907250
157920406,3036907250
391867472,3036907250
514667085,3036907250
1264438328,3036907250
18874262,3036907250
393675585,3036907250
249661913,3036907250
2382305514,3036907250
350164545,3036907250
130671142,3036907250
270044784,3036907250
954235769618538496,3036907250
16868154,3036907250
59217922,3036907250
934851466082357249,3036907250
94732055,3036907250
707112185076391936,3036907250
947311503216066560,3036907250
458399248,3036907250
78969930,3036907250
4053818032,3036907250
406303880,3036907250
14451127,3036907250
3102522680,3036907250
3033312071,3036907250
854719703545253888,3036907250
50414506,3036907250
894723591446687745,3036907250
2309104237,3036907250
15455450,3036907250
1477918760,3036907250
125483940,3036907250
1527607790,3036907250
436609034,3036907250
308456550,3036907250
810893744593584128,3036907250
822183485523841025,3036907250
1483247714,3036907250
341000847,3036907250
735809541456027648,3036907250
824668943285702661,3036907250
824812182114164736,3036907250
2190533245,3036907250
2601589496,3036907250
788839271239184385,3036907250
15750573,3036907250
271485168,3036907250
696907754275930112,3036907250
4663308149,3036907250
1978351027,3036907250
701026341500690432,3036907250
829903626,3036907250
4645255754,3036907250
1479360883,3036907250
118412527,3036907250
2798157850,3036907250
3270447613,3036907250
408717162,3036907250
3293206151,3036907250
3201975988,3036907250
1367458171,3036907250
3240349167,3036907250
3038714572,3036907250
3081160595,3036907250
2969887354,3036907250
2877269332,3036907250
2208838112,3036907250
3077138539,3036907250
3083042302,3036907250
263265080,3036907250
3036851230,3036907250
3015605477,3036907250
1019673422,3036907250
73509664,3036907250
3051698888,3036907250
3035211041,3036907250
1734817550,3036907250
3037264899,3036907250
579133028,3036907250
49043059,3036907250
569382995,3036907250
51023058,3036907250
2827812417,3036907250
1556357336,3036907250
3053756746,3036907250
3036907250,2336440088
3036907250,4027105402
3036907250,271243941
3036907250,2165646554
3036907250,762093631
3036907250,830589635738816512
3036907250,154221292
3036907250,40576466
3036907250,1189744336415723520
3036907250,382158989
3036907250,375007888
3036907250,26240101
3036907250,46131106
3036907250,1187585868493537280
3036907250,1265795638551212032
3036907250,920700510306529280
3036907250,1156797119149121541
3036907250,1121364987178618880
3036907250,11892372
3036907250,720389270335135745
3036907250,1039052508193284096
3036907250,333597222
3036907250,1111315973125169152
3036907250,1195040516318093312
3036907250,1367458171
3036907250,514667085
3036907250,296312612
3036907250,2424287186
3036907250,1131186925212241920
3036907250,108434901
3036907250,48008938
3036907250,262236415
3036907250,951237270044069888
3036907250,1264438328
3036907250,2382305514
3036907250,1070321898951753728
3036907250,3034892963
3036907250,2347049341
3036907250,56510427
3036907250,23818581
3036907250,571202103
3036907250,688583
3036907250,431210487
3036907250,13056322
3036907250,391867472
3036907250,3003392104
3036907250,249661913
3036907250,15159648
3036907250,3026571023
3036907250,29866761
3036907250,21457289
3036907250,80422885
3036907250,862356144748204032
3036907250,928760788306878464
3036907250,229601276
3036907250,270044784
3036907250,85648537
3036907250,39697728
3036907250,16868154
3036907250,755733488851189760
3036907250,406303880
3036907250,263265080
3036907250,2208838112
3036907250,829903626
3036907250,271485168
3036907250,1483247714
3036907250,934851466082357249
3036907250,94732055
3036907250,966411199649808386
3036907250,799830497065050112
3036907250,78969930
3036907250,4053818032
3036907250,3697013177
3036907250,22597445
3036907250,2360762586
3036907250,947311503216066560
3036907250,15750573
3036907250,216939636
3036907250,59217922
3036907250,193935341
3036907250,93781753
3036907250,2385273733
3036907250,124087958
3036907250,3511430425
3036907250,562439654
3036907250,570072860
3036907250,831114368435748864
3036907250,3415864408
3036907250,804701761017671680
3036907250,2769983813
3036907250,889657085868298240
3036907250,12353582
3036907250,57047586
3036907250,6778812
3036907250,477554560
3036907250,458399248
3036907250,2898184305
3036907250,58160853
3036907250,717768811005526016
3036907250,569382995
3036907250,230815459
3036907250,436609034
3036907250,117079124
3036907250,308456550
3036907250,125483940
3036907250,15455450
3036907250,87476034
3036907250,341000847
3036907250,1527607790
3036907250,2659265263
3036907250,40030538
3036907250,1734575215
3036907250,31311757
3036907250,76679840
3036907250,3041372326
3036907250,14451127
3036907250,4863093417
3036907250,2196922086
3036907250,822183485523841025
3036907250,720605133483208705
3036907250,608052226
3036907250,403274895
3036907250,200630242
3036907250,130671142
3036907250,16134540
3036907250,1339637532
3036907250,17157367
3036907250,393675585
3036907250,84351228
3036907250,50393960
3036907250,30339571
3036907250,117483950
3036907250,33838201
3036907250,57320656
3036907250,15378449
3036907250,3304471
3036907250,44196397
3036907250,2460368252
3036907250,119512412
3036907250,59263220
3036907250,2676313880
3036907250,115763683
3036907250,4742002531
3036907250,69870134
3036907250,781332157
3036907250,19341622
3036907250,2322434384
3036907250,2910644884
3036907250,771681197781053440
3036907250,1053724531
3036907250,810893744593584128
3036907250,18417153
3036907250,305474242
3036907250,59504716
3036907250,153327232
3036907250,485865743
3036907250,44973000
3036907250,25134469
3036907250,3395161438
3036907250,19659370
3036907250,95196023
3036907250,776732741098467328
3036907250,127894322
3036907250,735809541456027648
3036907250,824812182114164736
3036907250,718108213078568960
3036907250,19411223
3036907250,2190533245
3036907250,870362407
3036907250,2273201773
3036907250,854581958
3036907250,717348489215262724
3036907250,301941645
3036907250,3761306416
3036907250,338989477
3036907250,52059998
3036907250,51023058
3036907250,1038481676
3036907250,207450631
3036907250,109598348
3036907250,544737616
3036907250,3107101390
3036907250,3074437553
3036907250,2601589496
3036907250,3128829965
3036907250,269301403
3036907250,48677032
3036907250,319135326
3036907250,838464523
3036907250,22843337
3036907250,3092629269
3036907250,573918122
3036907250,487736815
3036907250,15521075
3036907250,3356531254
3036907250,1579422614
3036907250,1891806212
3036907250,190161488
3036907250,4833032980
3036907250,381187236
3036907250,19722699
3036907250,20536157
3036907250,1636590253
3036907250,2645602164
3036907250,14677919
3036907250,1479360883
3036907250,1652541
3036907250,2251623492
3036907250,237670274
3036907250,2271904531
3036907250,910827588
3036907250,1350732349
3036907250,817845968
3036907250,972651
3036907250,1603439773
3036907250,192854350
3036907250,2835276183
3036907250,245548093
3036907250,73147282
3036907250,15492359
3036907250,14199378
3036907250,275686563
3036907250,114870386
3036907250,325476794
3036907250,20581429
3036907250,296459271
3036907250,87818409
3036907250,21769127
3036907250,17043428
3036907250,395990396
3036907250,783214
3036907250,14511951
3036907250,2413882279
3036907250,1344951
3036907250,119711344
3036907250,281448138
3036907250,755953153
3036907250,117662694
3036907250,2097571
3036907250,11348282
3036907250,200163448
3036907250,742143
3036907250,2979365176
3036907250,14293310
3036907250,133790890
3036907250,180463340
3036907250,62513246
3036907250,337886919
3036907250,166739404
3036907250,41667342
3036907250,15254807
3036907250,813286
3036907250,1556357336
3036907250,5893702
73001375,19659370
333597222,19659370
569203915,19659370
2336440088,19659370
1276832114856656896,19659370
1214864022572425217,19659370
877108837475655680,19659370
51934480,19659370
2807461219,19659370
268025507,19659370
249255635,19659370
13284672,19659370
373974821,19659370
117712651,19659370
464868829,19659370
16925097,19659370
1145584490594443264,19659370
1071412460,19659370
248064213,19659370
1196193239713353732,19659370
47987831,19659370
277298681,19659370
2577967370,19659370
1301154075434606598,19659370
581406453,19659370
3279064394,19659370
1297170244658552838,19659370
1296322367053082624,19659370
1030464891830902784,19659370
352650313,19659370
2301908191,19659370
72102865,19659370
966024156574662656,19659370
248721193,19659370
15750573,19659370
3102522680,19659370
833597084167122945,19659370
761072228028911618,19659370
2166763549,19659370
1061582051449557003,19659370
320568816,19659370
39697728,19659370
301178769,19659370
4042462396,19659370
2877993331,19659370
157238371,19659370
35749835,19659370
16621479,19659370
1898912480,19659370
2278288488,19659370
158297618,19659370
49719781,19659370
219728708,19659370
2427769760,19659370
1189525564715089920,19659370
383365753,19659370
1106015165969924096,19659370
78807415,19659370
2527017636,19659370
17015268,19659370
2576448008,19659370
1265795638551212032,19659370
1004448369140551682,19659370
1206594224537448449,19659370
77200220,19659370
19690273,19659370
146195370,19659370
3257676018,19659370
2903217440,19659370
49556240,19659370
53079180,19659370
99015174,19659370
2409117643,19659370
977585064,19659370
1162690737516863494,19659370
17465774,19659370
249661913,19659370
1222193343737794560,19659370
1040124415151726592,19659370
111801456,19659370
1140163756267192321,19659370
17383073,19659370
4831430475,19659370
1211825303388995584,19659370
1053292116,19659370
1228726773078208512,19659370
1136467769199910912,19659370
1230692054092529664,19659370
918943909811769344,19659370
34999723,19659370
179571184,19659370
1640671358,19659370
338526004,19659370
391867472,19659370
252411935,19659370
743908703863083008,19659370
803909558431313920,19659370
18728897,19659370
1187226845155999749,19659370
1174325520294715392,19659370
94732055,19659370
78269397,19659370
1734575215,19659370
605027292,19659370
48354997,19659370
253609062,19659370
22826489,19659370
119459238,19659370
3075691,19659370
1077070220332740608,19659370
1190682302977859584,19659370
308843719,19659370
2832694608,19659370
116897811,19659370
1182908622113660929,19659370
826837132325027841,19659370
1284042607,19659370
477030336,19659370
938473643373481985,19659370
801934486023782400,19659370
7295362,19659370
30420908,19659370
702309206,19659370
434236851,19659370
1124623431377543169,19659370
386277982,19659370
465693357,19659370
1894582058,19659370
1155634482629791746,19659370
234321271,19659370
940441783,19659370
769507902897856512,19659370
3233792564,19659370
2831695553,19659370
27366114,19659370
725387616,19659370
512785206,19659370
1148895885729947648,19659370
1140577345973170177,19659370
12151932,19659370
157920406,19659370
2864356347,19659370
48448084,19659370
2214711331,19659370
1138704090106646528,19659370
30339571,19659370
298982411,19659370
93903085,19659370
534290225,19659370
17600799,19659370
837051215339008000,19659370
982276165992935426,19659370
91440853,19659370
384127183,19659370
4883900442,19659370
2315608478,19659370
2382305514,19659370
28245224,19659370
16136933,19659370
1080724857552199682,19659370
1708743114,19659370
53250831,19659370
32856732,19659370
2932027868,19659370
17018894,19659370
801372548940398593,19659370
224209816,19659370
16710690,19659370
40576466,19659370
15518172,19659370
600067712,19659370
14208224,19659370
743856512,19659370
390324658,19659370
1065173952664952837,19659370
1019221160742014976,19659370
22132438,19659370
14451127,19659370
10752242,19659370
137394430,19659370
1049203448783278080,19659370
793688995918024704,19659370
631705640,19659370
343928585,19659370
915721853833900032,19659370
906922846412267521,19659370
377983647,19659370
815628453613621248,19659370
53340169,19659370
219293337,19659370
3435577992,19659370
770233588721868802,19659370
153327232,19659370
2989739661,19659370
947311503216066560,19659370
852083180182147072,19659370
1556357336,19659370
615595875,19659370
3081585501,19659370
796877583455555584,19659370
199175962,19659370
843009630812995584,19659370
932582571338321920,19659370
327032058,19659370
924426975330160641,19659370
3041372326,19659370
361719507,19659370
354801923,19659370
2309104237,19659370
793483735018504192,19659370
80269062,19659370
14103970,19659370
994886035086761984,19659370
933679231220850688,19659370
458399248,19659370
77436536,19659370
14575354,19659370
450842550,19659370
920700510306529280,19659370
977250301,19659370
44860754,19659370
64732883,19659370
949493208702099456,19659370
45827605,19659370
941478255789457408,19659370
188756842,19659370
885944485615738881,19659370
934851466082357249,19659370
917421341359464450,19659370
1851621,19659370
911454651417088000,19659370
918158086858211329,19659370
264103867,19659370
923649456981135367,19659370
917259707236208640,19659370
143187995,19659370
337745478,19659370
431210487,19659370
341000847,19659370
917284226269052928,19659370
82774113,19659370
114738098,19659370
606667727,19659370
908589103737950208,19659370
869188290183917568,19659370
2803449260,19659370
879077538525396992,19659370
778607,19659370
890413838578966528,19659370
2372636521,19659370
876083623711174657,19659370
1425336134,19659370
122424832,19659370
19859014,19659370
743917727820058626,19659370
287275780,19659370
202853969,19659370
66722583,19659370
835810382509928450,19659370
856955544845811712,19659370
158659687,19659370
810893744593584128,19659370
393675585,19659370
158751132,19659370
849729477533892612,19659370
4874161629,19659370
1111871,19659370
91523851,19659370
4353971122,19659370
373580725,19659370
250055606,19659370
63935826,19659370
529771925,19659370
836189288572325888,19659370
709402060547092481,19659370
2966094221,19659370
2165646554,19659370
2228576226,19659370
2876226376,19659370
797823007997722624,19659370
76966092,19659370
3309394037,19659370
821769650211930112,19659370
2986084527,19659370
361288906,19659370
808593541840719872,19659370
1934999587,19659370
207534677,19659370
804563319457660928,19659370
7990062,19659370
719967950527205376,19659370
2190533245,19659370
771681197781053440,19659370
269930404,19659370
134061959,19659370
27171750,19659370
21192987,19659370
240316759,19659370
4531194259,19659370
2190753169,19659370
790899349471498240,19659370
342137485,19659370
787735106546827265,19659370
488417933,19659370
335829830,19659370
717348489215262724,19659370
700831074,19659370
771363829556977665,19659370
468825579,19659370
126323494,19659370
2450416195,19659370
756380725859975168,19659370
312783905,19659370
4202417063,19659370
748315519674048512,19659370
317158835,19659370
15090415,19659370
186764685,19659370
2394417954,19659370
201275909,19659370
163363440,19659370
21133730,19659370
78969930,19659370
4898086443,19659370
2274780686,19659370
3147145875,19659370
2891809527,19659370
138562224,19659370
1014561,19659370
16507835,19659370
2895714597,19659370
92071137,19659370
583637312,19659370
114407120,19659370
101764664,19659370
22752868,19659370
15192127,19659370
3439304543,19659370
262191481,19659370
37715152,19659370
1853174220,19659370
595544862,19659370
17705769,19659370
25864331,19659370
2752564758,19659370
3353136183,19659370
311404595,19659370
716643191072628736,19659370
470416893,19659370
3621255616,19659370
14947339,19659370
3761306416,19659370
549833457,19659370
544737616,19659370
2249121151,19659370
944905694,19659370
2601589496,19659370
101045085,19659370
115718271,19659370
5763912,19659370
64245814,19659370
4742002531,19659370
779769,19659370
15455450,19659370
4829277184,19659370
4827366892,19659370
3361359683,19659370
3367685915,19659370
2974389209,19659370
2310416978,19659370
323616054,19659370
1241258612,19659370
3384319941,19659370
199597043,19659370
92593701,19659370
310741473,19659370
39112661,19659370
15573348,19659370
47605273,19659370
4208606734,19659370
197362628,19659370
404100683,19659370
3577056016,19659370
339654180,19659370
1494913634,19659370
784824594,19659370
822143767,19659370
3946229836,19659370
553436328,19659370
3916694415,19659370
3405424143,19659370
868437872,19659370
19058451,19659370
79721713,19659370
27818124,19659370
3079899620,19659370
163009576,19659370
14048484,19659370
2435317801,19659370
43583452,19659370
21324520,19659370
301037777,19659370
193640022,19659370
400804254,19659370
78269677,19659370
273921060,19659370
251614179,19659370
2492618120,19659370
1936953062,19659370
24046380,19659370
637087464,19659370
2758095800,19659370
512594470,19659370
2538081673,19659370
414130557,19659370
2176358690,19659370
3364147025,19659370
273561140,19659370
2606773789,19659370
2730017576,19659370
338989477,19659370
1121934716,19659370
27493489,19659370
2209063952,19659370
55247494,19659370
20304025,19659370
1153956919,19659370
197481317,19659370
1246421,19659370
485865743,19659370
607311335,19659370
119512412,19659370
758175168,19659370
720212700,19659370
16674284,19659370
3239238377,19659370
2813275219,19659370
5894872,19659370
159421391,19659370
2962250933,19659370
427431943,19659370
2253247064,19659370
16579738,19659370
261126954,19659370
59217922,19659370
415798356,19659370
75071601,19659370
14254846,19659370
15378449,19659370
11939852,19659370
103546343,19659370
3120886937,19659370
11892372,19659370
3130629970,19659370
972984764,19659370
512191023,19659370
15739506,19659370
431764698,19659370
14285650,19659370
109613064,19659370
398785862,19659370
1002096110,19659370
616219267,19659370
19888273,19659370
3074437553,19659370
2397162947,19659370
2769983813,19659370
174959656,19659370
305474242,19659370
112806109,19659370
2706892358,19659370
3018358499,19659370
350164545,19659370
3005431923,19659370
774575,19659370
264132382,19659370
9271782,19659370
82337208,19659370
17581976,19659370
6355402,19659370
211916935,19659370
16042588,19659370
144779689,19659370
147949965,19659370
18417153,19659370
14757518,19659370
1376639125,19659370
106023728,19659370
2317814702,19659370
117483950,19659370
15333148,19659370
301939006,19659370
33993797,19659370
2910644884,19659370
557553364,19659370
2908007650,19659370
1303427371,19659370
59481357,19659370
61302699,19659370
48649222,19659370
17839109,19659370
1617603914,19659370
289222668,19659370
125483940,19659370
568542838,19659370
25481069,19659370
153506820,19659370
217377296,19659370
2178067878,19659370
58880930,19659370
16868154,19659370
606265290,19659370
36417099,19659370
1365711606,19659370
1074540169,19659370
14049302,19659370
17743823,19659370
91168371,19659370
2475224005,19659370
54875928,19659370
1339637532,19659370
3332231,19659370
25134469,19659370
19677430,19659370
130671142,19659370
439572655,19659370
547871798,19659370
1354848524,19659370
203250712,19659370
585390634,19659370
427218827,19659370
403274895,19659370
356775978,19659370
332134740,19659370
288823245,19659370
19659370,1308409993213943809
19659370,225110274
19659370,359831209
19659370,1190461842922995712
19659370,204123892
19659370,2807461219
19659370,27131901
19659370,228313429
19659370,268025507
19659370,249255635
19659370,13284672
19659370,117712651
19659370,373974821
19659370,271243941
19659370,257618993
19659370,773280684173463552
19659370,722155990662123520
19659370,145637517
19659370,2288970024
19659370,944810996
19659370,277298681
19659370,33864359
19659370,19486877
19659370,2577967370
19659370,709828900
19659370,14707794
19659370,26607837
19659370,939946139029090304
19659370,581406453
19659370,3314775459
19659370,20131383
19659370,1023751696697028608
19659370,800707492346925056
19659370,375007888
19659370,3102522680
19659370,17855686
19659370,18202677
19659370,2877993331
19659370,939091
19659370,49719781
19659370,1189525564715089920
19659370,772574162
19659370,78807415
19659370,1246201593755660288
19659370,82095610
19659370,1004448369140551682
19659370,1043211642182328320
19659370,17015268
19659370,841854020058677252
19659370,77200220
19659370,31442869
19659370,4786709654
19659370,327122348
19659370,99015174
19659370,1101500498564313090
19659370,53079180
19659370,2641476606
19659370,46350079
19659370,14492532
19659370,977585064
19659370,37788263
19659370,1855871
19659370,262236415
19659370,458079606
19659370,82337208
19659370,3442793834
19659370,2165646554
19659370,111801456
19659370,467004982
19659370,19690273
19659370,321908821
19659370,1106015165969924096
19659370,388752038
19659370,153004670
19659370,940445534556364800
19659370,16549460
19659370,17395999
19659370,1441673010
19659370,1195040516318093312
19659370,391867472
19659370,67815277
19659370,78269397
19659370,330151669
19659370,1734575215
19659370,2922679556
19659370,313140358
19659370,605027292
19659370,1145584490594443264
19659370,22826489
19659370,116655482
19659370,8746072
19659370,1111315973125169152
19659370,1184821524534059008
19659370,1068486102930112514
19659370,14895163
19659370,19203768
19659370,1284042607
19659370,477030336
19659370,16044272
19659370,1111730640762875907
19659370,938473643373481985
19659370,1086604922
19659370,7295362
19659370,2711212681
19659370,434236851
19659370,3158689771
19659370,134072288
19659370,263483174
19659370,63735508
19659370,508906511
19659370,725387616
19659370,33423759
19659370,512785206
19659370,1057715900
19659370,262191481
19659370,2769983813
19659370,18485339
19659370,485865743
19659370,12151932
19659370,39697728
19659370,382158989
19659370,989251872107085824
19659370,108334890
19659370,1138704090106646528
19659370,2587163612
19659370,13235832
19659370,359622624
19659370,14451127
19659370,252988497
19659370,534290225
19659370,61111487
19659370,3008322017
19659370,19677123
19659370,1076178992036790272
19659370,831503418376146946
19659370,775449094739197953
19659370,2549047974
19659370,22026924
19659370,299394773
19659370,867297019160707072
19659370,2382305514
19659370,28245224
19659370,384127183
19659370,16136933
19659370,41216797
19659370,1883425892
19659370,305236970
19659370,15518172
19659370,1055893919597133824
19659370,139811295
19659370,600067712
19659370,14208224
19659370,743856512
19659370,3107101390
19659370,916364161415892992
19659370,1205609058
19659370,40090727
19659370,781676758932262912
19659370,1014199723031449600
19659370,5734242
19659370,15156540
19659370,2842839092
19659370,8220532
19659370,138840988
19659370,762501458
19659370,755733488851189760
19659370,1026754771087110144
19659370,12044602
19659370,2918846960
19659370,1014561
19659370,3150832239
19659370,1019221160742014976
19659370,598232506
19659370,33970089
19659370,4042462396
19659370,852083180182147072
19659370,1865461842
19659370,93655722
19659370,615595875
19659370,121881387
19659370,3081585501
19659370,799830497065050112
19659370,2869101210
19659370,134061959
19659370,932582571338321920
19659370,327032058
19659370,350164545
19659370,3041372326
19659370,840618056678293504
19659370,68784803
19659370,398092540
19659370,50374439
19659370,2864356347
19659370,2540678306
19659370,243479125
19659370,2240528131
19659370,221620566
19659370,5921452
19659370,966411199649808386
19659370,177751401
19659370,2236856634
19659370,489677804
19659370,15808647
19659370,17503180
19659370,787149253302812672
19659370,2903681001
19659370,112202046
19659370,834609484781723648
19659370,897060827316072448
19659370,830589635738816512
19659370,920382882413244417
19659370,12035282
19659370,3565816992
19659370,311340284
19659370,39237580
19659370,45827605
19659370,720389270335135745
19659370,941478255789457408
19659370,947311503216066560
19659370,14622066
19659370,817382
19659370,3233792564
19659370,264501255
19659370,14166306
19659370,265422963
19659370,341000847
19659370,606667727
19659370,2218900633
19659370,386277982
19659370,778607
19659370,572279177
19659370,3207393315
19659370,76336279
19659370,17383073
19659370,16976682
19659370,106856453
19659370,16596200
19659370,194399316
19659370,743917727820058626
19659370,2312790332
19659370,3415205164
19659370,722242009
19659370,793483735018504192
19659370,66722583
19659370,158659687
19659370,1111871
19659370,4353971122
19659370,4901700861
19659370,18417153
19659370,529771925
19659370,836189288572325888
19659370,109640788
19659370,1168
19659370,702932794947694592
19659370,76966092
19659370,19341622
19659370,59900894
19659370,2399290873
19659370,1303571503
19659370,2842558252
19659370,813286
19659370,307912317
19659370,79703784
19659370,48008938
19659370,9533042
19659370,734735999029383168
19659370,1934999587
19659370,207534677
19659370,28401365
19659370,2190533245
19659370,21192987
19659370,36588310
19659370,18728897
19659370,71905822
19659370,488417933
19659370,467551928
19659370,2859068332
19659370,3147145875
19659370,26976778
19659370,126323494
19659370,123093566
19659370,709543955126333440
19659370,8719472
19659370,20058825
19659370,15090415
19659370,186764685
19659370,1580058000
19659370,2394417954
19659370,114773847
19659370,3841067114
19659370,2320791044
19659370,497181885
19659370,582161546
19659370,21133730
19659370,89774258
19659370,13920962
19659370,260971421
19659370,1408239470
19659370,16507835
19659370,92071137
19659370,1490398796
19659370,114407120
19659370,15192127
19659370,273003435
19659370,1244079788
19659370,59217922
19659370,18033550
19659370,17705769
19659370,14697496
19659370,129746032
19659370,3732176255
19659370,595544862
19659370,781332157
19659370,25864331
19659370,16318928
19659370,3128829965
19659370,206743057
19659370,277516046
19659370,17949156
19659370,14341416
19659370,2812873512
19659370,69870134
19659370,884180960
19659370,207770279
19659370,2523642978
19659370,2249121151
19659370,1598324696
19659370,1728795440
19659370,5763912
19659370,64245814
19659370,9632312
19659370,49976458
19659370,63859619
19659370,854581958
19659370,4742002531
19659370,15455450
19659370,1376401838
19659370,2924669003
19659370,2717694091
19659370,3075691
19659370,3361359683
19659370,4794104842
19659370,3620548396
19659370,14254846
19659370,15225375
19659370,70478255
19659370,3367685915
19659370,4728720725
19659370,41572443
19659370,7111232
19659370,541117509
19659370,1241258612
19659370,115763683
19659370,870968012
19659370,4329329968
19659370,3384319941
19659370,288995692
19659370,4398626122
19659370,20499721
19659370,310741473
19659370,15573348
19659370,59780450
19659370,46342393
19659370,164233384
19659370,118748199
19659370,33474334
19659370,266717381
19659370,3243283713
19659370,112882940
19659370,45321027
19659370,2916305152
19659370,197362628
19659370,19811190
19659370,14048484
19659370,2435317801
19659370,43583452
19659370,78269677
19659370,273921060
19659370,1936953062
19659370,24046380
19659370,637087464
19659370,2232721860
19659370,45303184
19659370,14065835
19659370,2676313880
19659370,103989154
19659370,11990112
19659370,179797676
19659370,3300677471
19659370,259906731
19659370,2176358690
19659370,158751132
19659370,9541832
19659370,2606773789
19659370,17455229
19659370,1121934716
19659370,2520999920
19659370,3234931837
19659370,19659141
19659370,27493489
19659370,4484681
19659370,2273201773
19659370,55247494
19659370,17580853
19659370,20304025
19659370,197481317
19659370,1246421
19659370,281950081
19659370,21991908
19659370,544737616
19659370,720212700
19659370,119512412
19659370,59263220
19659370,115091858
19659370,16674284
19659370,5894872
19659370,204297410
19659370,57246759
19659370,2908007650
19659370,1643302016
19659370,3246646347
19659370,2460368252
19659370,20436576
19659370,740216334
19659370,16579738
19659370,49438224
19659370,15002894
19659370,261126954
19659370,11010332
19659370,273561140
19659370,22398002
19659370,2322434384
19659370,103546343
19659370,11939852
19659370,3074437553
19659370,44196397
19659370,5943622
19659370,115494880
19659370,534255106
19659370,2411276060
19659370,15056816
19659370,15739506
19659370,3107826244
19659370,431764698
19659370,234321271
19659370,2455929786
19659370,2444229696
19659370,5637652
19659370,2910644884
19659370,183575679
19659370,25213966
19659370,402875257
19659370,3304471
19659370,47562075
19659370,616219267
19659370,94642927
19659370,43006345
19659370,1197369638
19659370,302013973
19659370,335829830
19659370,47319664
19659370,26014256
19659370,349172730
19659370,2810375782
19659370,221460294
19659370,15378449
19659370,553729228
19659370,1264438328
19659370,1002096110
19659370,343928585
19659370,50095170
19659370,57320656
19659370,398785862
19659370,11017332
19659370,2814432614
19659370,16895951
19659370,17514022
19659370,7905122
19659370,174959656
19659370,117539435
19659370,2450416195
19659370,216939636
19659370,1252063705
19659370,3005431923
19659370,133806972
19659370,8034682
19659370,339654180
19659370,74419325
19659370,15169938
19659370,1891806212
19659370,774575
19659370,33838201
19659370,762093631
19659370,264132382
19659370,44973000
19659370,19073790
19659370,88727377
19659370,9271782
19659370,10587552
19659370,5848122
19659370,2221607978
19659370,48677032
19659370,765548
19659370,263044687
19659370,44953355
19659370,140956562
19659370,109613064
19659370,6355402
19659370,14998112
19659370,700831074
19659370,10383162
19659370,16042588
19659370,6365342
19659370,1710656606
19659370,2502662672
19659370,1962172172
19659370,2317814702
19659370,2601589496
19659370,95196023
19659370,1227698863
19659370,106023728
19659370,117483950
19659370,15333148
19659370,28165790
19659370,33993797
19659370,211916935
19659370,469405173
19659370,301939006
19659370,1303427371
19659370,557553364
19659370,36024756
19659370,15376357
19659370,54875928
19659370,476700973
19659370,507704346
19659370,48649222
19659370,61302699
19659370,307755344
19659370,17839109
19659370,1617603914
19659370,289222668
19659370,2494212979
19659370,568542838
19659370,25481069
19659370,30339571
19659370,539296619
19659370,450842550
19659370,398500188
19659370,217377296
19659370,333597222
19659370,16976496
19659370,2230151202
19659370,1344951
19659370,1848037524
19659370,13982132
19659370,2329921
19659370,1551361069
19659370,40576466
19659370,1365711606
19659370,8143682
19659370,1562518867
19659370,47725447
19659370,49793
19659370,50393960
19659370,114485232
19659370,1074540169
19659370,84351228
19659370,2178067878
19659370,155505157
19659370,201194687
19659370,2475224005
19659370,20003288
19659370,393675585
19659370,14369971
19659370,52206988
19659370,8139122
19659370,15336340
19659370,146195370
19659370,17707080
19659370,17773969
19659370,91168371
19659370,58880930
19659370,17157367
19659370,11892372
19659370,17078917
19659370,59504716
19659370,59481357
19659370,78969930
19659370,127894322
19659370,1339637532
19659370,19677430
19659370,242868086
19659370,15159648
19659370,25134469
19659370,16134540
19659370,130671142
19659370,14301911
19659370,167169119
19659370,91440853
19659370,36417099
19659370,16868154
19659370,305474242
19659370,200630242
19659370,39321347
19659370,17712257
19659370,224379103
19659370,14757518
19659370,110420616
19659370,14049302
19659370,946028606
19659370,111258447
19659370,891725802
19659370,19888273
19659370,332134740
19659370,356775978
19659370,403274895
19659370,203250712
19659370,1354848524
19659370,547871798
19659370,439572655
1118909833942577153,15750573
2572511777,15750573
1972411447,15750573
369085369,15750573
1320653768346816512,15750573
1218287414965350401,15750573
93781753,15750573
700064764,15750573
778856886,15750573
1064203950717583360,15750573
1084900963306098689,15750573
1037864733360226304,15750573
1035807940719112192,15750573
1023655925742268426,15750573
1401748656,15750573
959849838212014081,15750573
636089336,15750573
390380093,15750573
844218954088435712,15750573
194989299,15750573
948483885209477121,15750573
898161154169679873,15750573
71502653,15750573
918798040282091520,15750573
920563781616496641,15750573
945020688,15750573
780874432927719424,15750573
903217429555359744,15750573
899166691652972544,15750573
897568340075479040,15750573
896676717603028992,15750573
884047713372975104,15750573
866900373302378503,15750573
860098587287588864,15750573
731124359117590528,15750573
859698369765179392,15750573
85813091,15750573
2321117354,15750573
857570979022876672,15750573
2636910597,15750573
852054291049316352,15750573
1653261366,15750573
848152044137574401,15750573
3512256616,15750573
839446682819563520,15750573
838141984053284864,15750573
838131126002728960,15750573
151581782,15750573
832361946154401792,15750573
828683626372009985,15750573
3030560968,15750573
1377476875,15750573
4707064313,15750573
824249522389970944,15750573
822933216206188544,15750573
14359747,15750573
806101991109890048,15750573
717756832240902144,15750573
796368494342316032,15750573
787338664477134848,15750573
790342394675888128,15750573
780788089966829568,15750573
789736108896751616,15750573
788839271239184385,15750573
2544161559,15750573
748179418397421568,15750573
780174132,15750573
68351679,15750573
744114034660773888,15750573
65587580,15750573
398537509,15750573
739565869433524225,15750573
720750427147341824,15750573
1904734980,15750573
3025618094,15750573
882605036,15750573
713395522095210496,15750573
712614852263542784,15750573
943676329,15750573
737882640,15750573
714365137365426176,15750573
714783310954774529,15750573
436122215,15750573
706431707885477888,15750573
705504146808565760,15750573
4928034543,15750573
702513144782950400,15750573
3237012607,15750573
1582911193,15750573
4854858064,15750573
4739335047,15750573
4718039356,15750573
3988215194,15750573
4385501957,15750573
334516778,15750573
3892691301,15750573
3751854082,15750573
203866616,15750573
520133735,15750573
3319270312,15750573
476514758,15750573
469115517,15750573
406260699,15750573
3242397351,15750573
52059998,15750573
3293206151,15750573
1605423500,15750573
3226059106,15750573
3197088767,15750573
3165380261,15750573
1351611290,15750573
2881046435,15750573
54541583,15750573
3007913925,15750573
2987533553,15750573
2328843320,15750573
2900424513,15750573
2895307672,15750573
2785709353,15750573
852962413,15750573
2872651869,15750573
2797743527,15750573
517818047,15750573
2803495736,15750573
628623778,15750573
487786548,15750573
2176025565,15750573
2754814433,15750573
1728885823,15750573
2754412213,15750573
2607919231,15750573
2735046987,15750573
2714310207,15750573
436837074,15750573
202626872,15750573
377344523,15750573
6979832,15750573
1004615060,15750573
2525616956,15750573
2560958309,15750573
234070123,15750573
2544647385,15750573
2244880545,15750573
1556357336,15750573
147299961,15750573
2381066016,15750573
256353770,15750573
1497795582,15750573
1269448278,15750573
2328954662,15750573
2147987488,15750573
944443345,15750573
51023058,15750573
348011201,15750573
1877046548,15750573
358026989,15750573
1934192923,15750573
809193212,15750573
1677808003,15750573
1629889939,15750573
1620225060,15750573
1578022897,15750573
1280804221,15750573
1523858262,15750573
121492869,15750573
1109067043,15750573
39721490,15750573
299659731,15750573
1043021486,15750573
1079473267,15750573
1284129738,15750573
375820392,15750573
1074807847,15750573
1202308734,15750573
1148229403,15750573
184817606,15750573
1089302341,15750573
1037384052,15750573
104633187,15750573
1009253378,15750573
960887748,15750573
934228950,15750573
904174368,15750573
925220088,15750573
370102769,15750573
294119630,15750573
851254609,15750573
419946721,15750573
174991185,15750573
436038865,15750573
579115459,15750573
803003521,15750573
8762122,15750573
220017829,15750573
39618125,15750573
190161488,15750573
616572834,15750573
586366163,15750573
343998886,15750573
150732625,15750573
624208322,15750573
616564407,15750573
420316063,15750573
449616976,15750573
96127287,15750573
544360896,15750573
577243493,15750573
150346051,15750573
73926321,15750573
479798490,15750573
566703294,15750573
563979425,15750573
441676899,15750573
293483941,15750573
540985738,15750573
253973566,15750573
106505501,15750573
555461978,15750573
262236415,15750573
417189950,15750573
482995387,15750573
66821479,15750573
24932781,15750573
464907377,15750573
527454176,15750573
469631198,15750573
394665897,15750573
377571301,15750573
220020080,15750573
67383602,15750573
304540433,15750573
384759698,15750573
315707871,15750573
197623145,15750573
450594910,15750573
403677666,15750573
409166947,15750573
176870844,15750573
277667306,15750573
102609059,15750573
79764713,15750573
123678691,15750573
146116918,15750573
130667410,15750573
136142062,15750573
119406189,15750573
122408887,15750573
114782375,15750573
107751300,15750573
95745203,15750573
95267165,15750573
84854764,15750573
85700509,15750573
85428593,15750573
79128388,15750573
83566575,15750573
58558979,15750573
61187211,15750573
15657398,15750573
50607971,15750573
65468350,15750573
65423884,15750573
63051202,15750573
62952214,15750573
52671862,15750573
14183423,15750573
59913797,15750573
55612967,15750573
40903402,15750573
52414554,15750573
37139722,15750573
45101319,15750573
46092394,15750573
47567281,15750573
73343,15750573
33168385,15750573
33105342,15750573
46394850,15750573
16113777,15750573
46508246,15750573
25860326,15750573
20460664,15750573
26329801,15750573
43526978,15750573
40380303,15750573
24888653,15750573
15862919,15750573
42614814,15750573
36049907,15750573
38277726,15750573
32246103,15750573
44652450,15750573
44595708,15750573
26549850,15750573
37048037,15750573
39781270,15750573
39889364,15750573
43926213,15750573
43961874,15750573
30030112,15750573
34690221,15750573
43839644,15750573
36347948,15750573
37105355,15750573
33677856,15750573
19710651,15750573
28077022,15750573
26212951,15750573
17917382,15750573
27007409,15750573
28316908,15750573
27018274,15750573
16079826,15750573
17955611,15750573
20605844,15750573
19395637,15750573
18238570,15750573
15637569,15750573
16739331,15750573
16684149,15750573
16611773,15750573
7170002,15750573
14957053,15750573
12243,15750573
16136478,15750573
12486432,15750573
6107292,15750573
5869132,15750573
5894962,15750573
813286,15750573
15750573,20747847
15750573,700064764
15750573,778856886
15750573,1556357336
15750573,1111315973125169152
15750573,93618186
15750573,2754412213
15750573,59414975
15750573,333410580
15750573,26280712
15750573,348506984
15750573,388212968
15750573,3092629269
15750573,117652722
15750573,1048018930785083392
15750573,752743856941125632
15750573,791230655367700480
15750573,1401748656
15750573,2388819163
15750573,406869976
15750573,90830802
15750573,196476038
15750573,705427898749079552
15750573,44196397
15750573,772871943577931776
15750573,945020688
15750573,897568340075479040
15750573,896676717603028992
15750573,860098587287588864
15750573,115180931
15750573,14146389
15750573,24160034
15750573,334678478
15750573,731124359117590528
15750573,857570979022876672
15750573,571202103
15750573,1653261366
15750573,3030560968
15750573,822933216206188544
15750573,718108213078568960
15750573,224466293
15750573,314430404
15750573,1935675295
15750573,65184105
15750573,188233241
15750573,780874432927719424
15750573,1109067043
15750573,748179418397421568
15750573,2328954662
15750573,142837256
15750573,1582911193
15750573,540259669
15750573,2544647385
15750573,203866616
15750573,3751854082
15750573,59273937
15750573,346742249
15750573,2887723143
15750573,3226059106
15750573,1023096199
15750573,517818047
15750573,52059998
15750573,31422403
15750573,15578992
15750573,2785709353
15750573,14749606
15750573,234070123
15750573,2244880545
15750573,316386106
15750573,1095972841
15750573,944443345
15750573,51023058
15750573,354847710
15750573,1877046548
15750573,358026989
15750573,1725341478
15750573,2147987488
15750573,1934192923
15750573,38190507
15750573,1629889939
15750573,246318475
15750573,1620225060
15750573,934228950
15750573,188723124
15750573,1578022897
15750573,1043021486
15750573,299659731
15750573,29716049
15750573,1074807847
15750573,1193486898
15750573,506166021
15750573,1148229403
15750573,110509537
15750573,509162767
15750573,1037384052
15750573,960887748
15750573,253046215
15750573,433226744
15750573,904174368
15750573,36094947
15750573,334170116
15750573,182486010
15750573,537014740
15750573,16953723
15750573,579842788
15750573,452570555
15750573,294119630
15750573,851254609
15750573,579115459
15750573,132539757
15750573,174991185
15750573,372843212
15750573,73343
15750573,450594910
15750573,315707871
15750573,469631198
15750573,533315563
15750573,483172916
15750573,115512512
15750573,398537509
15750573,616572834
15750573,586366163
15750573,8762122
15750573,577430083
15750573,377344523
15750573,343998886
15750573,150732625
15750573,190161488
15750573,192931240
15750573,258465487
15750573,376297519
15750573,66815732
15750573,391015835
15750573,16310134
15750573,527454176
15750573,50956443
15750573,8943
15750573,122127763
15750573,623111545
15750573,616564407
15750573,624208322
15750573,19081001
15750573,399935607
15750573,186404598
15750573,15962096
15750573,20384956
15750573,96127287
15750573,551653007
15750573,271310204
15750573,341258707
15750573,375820392
15750573,194989299
15750573,476514758
15750573,577243493
15750573,128213903
15750573,73926321
15750573,456853606
15750573,385339360
15750573,479798490
15750573,461578921
15750573,32338210
15750573,561642136
15750573,563979425
15750573,566703294
15750573,14583400
15750573,293483941
15750573,175529610
15750573,150346051
15750573,42909798
15750573,20887537
15750573,540985738
15750573,370102769
15750573,546315483
15750573,456673160
15750573,544360896
15750573,41667342
15750573,228130177
15750573,204387286
15750573,284858667
15750573,17922590
15750573,106505501
15750573,262236415
15750573,474233138
15750573,555461978
15750573,216744325
15750573,417189950
15750573,482995387
15750573,248916795
15750573,404376053
15750573,377571301
15750573,394665897
15750573,485018563
15750573,251149608
15750573,220020080
15750573,414978578
15750573,485140375
15750573,490382218
15750573,304540433
15750573,78577226
15750573,72018889
15750573,73909361
15750573,182799181
15750573,16362818
15750573,131526573
15750573,13533662
15750573,277667306
15750573,52352322
15750573,58324434
276761737,59913797
119438382,59913797
38333555,59913797
102121875,59913797
115340223,59913797
15446034,59913797
978272886795448321,59913797
32539619,59913797
16832632,59913797
130146132,59913797
406545803,3226059106
238742992,3226059106
465839332,3226059106
599456533,3226059106
2990200295,3226059106
144821473,3226059106
103833877,3226059106
2349084513,3226059106
17387363,3226059106
718108213078568960,3226059106
39278373,39889364
29066677,39889364
24825275,39889364
34882518,39889364
21638088,39889364
55874681,39889364
15651647,39889364
41623446,39889364
41558966,39889364
18953622,39889364
26539716,43961874
19130956,43961874
37185543,43961874
51373649,43961874
23494977,43961874
165121032,43961874
22440317,43961874
68430266,43961874
23388766,43961874
178181526,43961874
4866100239,469115517
1591530000,469115517
1316804796,469115517
541059942,469115517
2972246873,469115517
1877046548,469115517
370102769,469115517
1096630273,469115517
2884000083,469115517
350859531,469115517
370102769,44196397
370102769,2307306663
370102769,380361083
370102769,4484030536
370102769,451287346
370102769,602581565
370102769,509162767
370102769,344000623
370102769,396764199
370102769,357117681
385339360,128880692
385339360,46970574
385339360,15962096
385339360,21158690
385339360,153811855
385339360,400025664
385339360,118430410
385339360,12944132
385339360,43940957
385339360,119359393
262236415,2203738120
262236415,897568340075479040
262236415,13201312
262236415,479538809
262236415,610363916
262236415,500711588
262236415,14647570
262236415,1625510558
262236415,944443345
262236415,535205576
42909798,14992765
42909798,229200561
42909798,2397804493
42909798,15254807
42909798,372498499
42909798,141900406
42909798,330486834
42909798,254200062
42909798,557863290
42909798,44578998
186404598,156212145
186404598,14627145
186404598,125123042
186404598,15916630
186404598,1126222350
186404598,296730032
186404598,45022448
186404598,33475651
186404598,307393119
186404598,21288052
62827741,748525684578914304
412964089,748525684578914304
3353147194,748525684578914304
96122844,748525684578914304
52235410,748525684578914304
411985029,748525684578914304
259298458,748525684578914304
3305895909,748525684578914304
4430234957,748525684578914304
235593967,748525684578914304
2273736678,2272376472
1216858220,2272376472
2339508810,2272376472
2290925088,2272376472
126823497,2272376472
2294066258,2272376472
2310939726,2272376472
2292706388,2272376472
2270228785,2272376472
2269673796,2272376472
2990062084,790451965
2766050472,790451965
2542443168,790451965
84508784,790451965
1193904402190360576,790451965
760638570,790451965
954441,790451965
17461545,790451965
10925962,790451965
320568816,790451965
874632132353826816,49287656
711331579449073665,49287656
2693888232,49287656
19505790,49287656
15841313,49287656
100074057,49287656
4897300665,49287656
3130629970,49287656
193309907,49287656
25134469,49287656
4873684235,121709074
835676090,121709074
1192468340054343681,121709074
83898729,121709074
804563319457660928,121709074
91168371,121709074
1223694824429301761,121709074
140586880,121709074
776424157,121709074
1477918760,121709074
214272214,83272167
214272214,2459490150
214272214,754546993
214272214,2030711
214272214,875800764
214272214,192993441
214272214,40930985
214272214,78106950
214272214,2335431
214272214,152627345
29277960,8963722
29277960,399544729
29277960,109958517
29277960,357199234
29277960,219617448
29277960,1034844617261248512
29277960,32372834
29277960,1006055524666826754
29277960,1368571
29277960,137793138
966411199649808386,954608168042102784
966411199649808386,828931064
966411199649808386,66722583
966411199649808386,30339571
966411199649808386,310741473
966411199649808386,947311503216066560
966411199649808386,3395161438
966411199649808386,804701761017671680
966411199649808386,248135933
966411199649808386,1195040516318093312
544737616,243082126
544737616,14909989
544737616,20926161
544737616,32872183
544737616,81722116
544737616,29277960
544737616,96962998
544737616,1055893919597133824
544737616,59263220
544737616,384747822
1175299088,2815528570
1175299088,955605884960493568
1175299088,1068951084
1175299088,143430352
1175299088,235261861
1175299088,76956597
1175299088,24211487
1175299088,272741965
1175299088,3813580887
1175299088,51063950
435079885,2309104237
1063000622897729537,2309104237
801732645931667457,2309104237
810893744593584128,2309104237
10826422,2309104237
1713619561,2309104237
745957370346508288,2309104237
832918496,2309104237
396680992,2309104237
1112691864,2309104237
160996055,270044784
862831980177575936,270044784
17645146,270044784
155533839,270044784
3988486737,270044784
1010210409520001025,270044784
71268692,270044784
4894627600,270044784
36133587,270044784
1117186586041638917,270044784
15901029,3240349167
2850020860,3240349167
2715782657,3240349167
2733905042,3240349167
3245138003,3240349167
3257372688,3240349167
3318395852,3240349167
713145511075844096,3240349167
1925296938,3240349167
33289053,3240349167
3103614593,408717162
3893886502,408717162
2354714746,408717162
47947740,408717162
478249337,408717162
2916720407,408717162
105664368,408717162
1506135182,408717162
3008433351,408717162
2790284310,408717162
2190533245,239304168
2190533245,3781289841
2190533245,561201648
2190533245,782213874
2190533245,537484866
2190533245,81157486
2190533245,780612086795636736
2190533245,184032232
2190533245,4817224649
2190533245,316651357
2347049341,147540926
2347049341,251767189
2347049341,2937648982
2347049341,82212001
2347049341,467685277
2347049341,14069282
2347049341,55119016
2347049341,68825681
2347049341,957323252187172864
2347049341,523332812
966411199649808386,1046859517235990530
966411199649808386,19677430
966411199649808386,2273201773
966411199649808386,204824261
966411199649808386,573460891
966411199649808386,239722311
966411199649808386,40576466
966411199649808386,26711278
966411199649808386,25134469
58160853,49004208
58160853,33196091
58160853,34743251
58160853,405624426
58160853,262145277
58160853,109031423
58160853,231094734
58160853,820041452
58160853,3442271
58160853,274092495
85648537,14771839
85648537,392068804
85648537,249897667
85648537,96135022
85648537,2379462614
85648537,89217203
85648537,98910883
85648537,472562889
85648537,2895770934
85648537,759553892
709064775918084097,3761306416
382283699,3761306416
18506971,3761306416
2182249315,3761306416
26270899,3761306416
1961314813,3761306416
377983647,3761306416
32942338,3761306416
285238896,3761306416
260768625,3761306416
119512412,1850752598
308456550,1850752598
2820924656,1850752598
2475224005,1850752598
2868459162,1850752598
2444287800,1850752598
2615258306,1850752598
195337702,1850752598
728731052269768704,1850752598
14597662,1850752598
2348513340,17743823
909545017,17743823
47681517,17743823
22610617,17743823
887627169765130241,17743823
2156970636,17743823
720212700,17743823
1162690737516863494,17743823
13790222,17743823
3020046891,17743823
869983342585946112,4188048952
75525450,4188048952
320994155,4188048952
294599794,4188048952
1265273135751819269,4188048952
1179174112230428673,4188048952
2778608988,4188048952
1909237502,4188048952
257629900,4188048952
1265050985380155404,4188048952
748315519674048512,216703645
1140899377,216703645
2955936560,216703645
202853969,216703645
64472672,216703645
178729307,216703645
75585288,216703645
50623580,216703645
35780245,216703645
573460891,216703645
305474242,1174226906
305474242,1527461
305474242,521041439
305474242,45321027
305474242,174251966
305474242,331076291
305474242,1157283331509235713
305474242,825458566689648645
305474242,3511430425
305474242,12524622
28822067,434217283
28822067,819674826
28822067,96795790
28822067,83388706
28822067,15693493
28822067,965575952314093568
28822067,170739225
28822067,105915404
28822067,2359926157
28822067,22949587
265509561,866469276978364416
265509561,15363432
265509561,828637598201569280
265509561,1640407356
265509561,78619534
265509561,3344155571
265509561,4398626122
265509561,762216168170090496
265509561,50095170
265509561,59263220
32193354,4149032843
32193354,158342368
32193354,11167502
32193354,37202498
32193354,276034185
32193354,16868154
32193354,3304471
32193354,2350806823
32193354,304287573
32193354,17033267
63801028,114833112
63801028,33697581
63801028,20695447
63801028,1269700866
63801028,717433745553264640
63801028,14174897
63801028,1157566615
63801028,39337029
63801028,1464314833
63801028,1880521
1930184042,2336440088
137394430,2336440088
91697719,2336440088
1273521451212181505,2336440088
4905833366,2336440088
864922788,2336440088
27546319,2336440088
119512412,2336440088
40156543,2336440088
816586022599307264,2336440088
1202581192706420736,16868154
1974656552,16868154
34899963,16868154
246351032,16868154
54355949,16868154
2190079770,16868154
429883491,16868154
39816889,16868154
89276202,16868154
28116928,16868154
329480502,1111871
47364026,1111871
267629418,1111871
7491832,1111871
64543,1111871
329035458,1111871
1009337839820173312,1111871
2665556600,1111871
18232237,1111871
14097277,1111871
1091596521928151040,1080724857552199682
967660415571415040,1080724857552199682
1093120896133300225,1080724857552199682
903224219294588928,1080724857552199682
4700288124,1080724857552199682
916362274217934848,1080724857552199682
1069443327676698624,1080724857552199682
983659627437961217,1080724857552199682
1093072407768662016,1080724857552199682
946199680286887937,1080724857552199682
172730380,2317814702
2830951183,2317814702
3707214743,2317814702
808397929673269249,2317814702
2996506102,2317814702
727553323230965761,2317814702
529293855,2317814702
16868154,2317814702
2297404543,2317814702
64987892,2317814702
2450416195,1201412834
2450416195,1205829984
2450416195,37213193
2450416195,2475100490
2450416195,6639572
2450416195,38282454
2450416195,18781059
2450416195,15492359
2450416195,1435634714
2450416195,616219267
19690273,89413522
19690273,42533156
19690273,24361421
19690273,228535666
19690273,822037908
19690273,51104447
19690273,372723954
19690273,19212658
19690273,27402074
19690273,2311689384
301939006,1136159698405797888
301939006,2815077014
301939006,717728037383643136
301939006,3075333501
301939006,2821239556
301939006,2960254264
301939006,957274514
301939006,806850055
301939006,3937965861
301939006,220802395
2460368252,737066055986774016
2460368252,702292275435450369
2460368252,299779812
2460368252,3232908912
2460368252,44734712
2460368252,86101920
2460368252,2174482088
2460368252,6779042
2460368252,2713589684
2460368252,1204853272583892992
305236970,6062112
305236970,547765625
305236970,555242876
305236970,1142108681259147271
305236970,434839840
305236970,937499232
305236970,125403342
305236970,1331198826
305236970,86626845
305236970,958237954148839424
